Transaction ID,Date,Customer ID,Gender,Age,Product Category,Quantity,Price per Unit,Total Amount
1,2023-07-09,CUST001,Female,59,Clothing,1,300,300
2,2023-09-26,CUST002,Male,20,Electronics,1,50,50
3,2023-09-27,CUST003,Female,36,Clothing,3,30,90
4,2023-08-29,CUST004,Female,39,Clothing,3,300,900
5,2023-05-30,CUST005,Male,55,Electronics,4,25,100
6,2023-09-05,CUST006,Female,24,Clothing,4,300,1200
7,2023-08-17,CUST007,Female,38,Electronics,2,50,100
8,2023-07-06,CUST008,Female,25,Clothing,4,25,100
9,2023-11-09,CUST009,Male,55,Beauty,3,25,75
10,2023-02-19,CUST010,Male,47,Electronics,2,300,600
11,2023-10-23,CUST011,Male,41,Beauty,4,30,120
12,2023-01-28,CUST012,Female,36,Beauty,1,500,500
13,2023-08-20,CUST013,Female,25,Clothing,3,300,900
14,2023-12-21,CUST014,Female,61,Electronics,4,300,1200
15,2023-12-08,CUST015,Male,48,Electronics,3,30,90
16,2023-11-24,CUST016,Male,33,Beauty,4,300,1200
17,2023-04-13,CUST017,Female,37,Beauty,1,500,500
18,2023-11-18,CUST018,Male,52,Electronics,3,25,75
19,2023-10-05,CUST019,Female,51,Beauty,4,30,120
20,2023-04-27,CUST020,Female,39,Beauty,3,30,90
21,2023-07-20,CUST021,Female,32,Beauty,4,30,120
22,2023-03-05,CUST022,Male,49,Clothing,2,300,600
23,2023-05-16,CUST023,Female,48,Electronics,3,50,150
24,2023-07-12,CUST024,Female,46,Electronics,2,50,100
25,2023-03-18,CUST025,Female,21,Electronics,4,30,120
26,2023-03-27,CUST026,Male,40,Beauty,1,25,25
27,2023-02-06,CUST027,Male,46,Clothing,2,30,60
28,2023-12-26,CUST028,Male,62,Clothing,1,500,500
29,2023-11-25,CUST029,Male,42,Beauty,3,50,150
30,2023-12-12,CUST030,Female,34,Beauty,1,30,30
31,2023-05-07,CUST031,Female,44,Beauty,2,300,600
32,2023-02-20,CUST032,Female,26,Beauty,4,25,100
33,2023-08-15,CUST033,Male,22,Clothing,2,30,60
34,2023-07-01,CUST034,Male,49,Electronics,1,30,30
35,2023-05-15,CUST035,Male,64,Beauty,1,500,500
36,2023-03-14,CUST036,Male,57,Clothing,1,300,300
37,2023-09-08,CUST037,Male,45,Electronics,4,50,200
38,2023-08-01,CUST038,Male,19,Electronics,3,25,75
39,2023-11-25,CUST039,Male,64,Electronics,4,25,100
40,2023-01-22,CUST040,Female,39,Clothing,1,50,50
41,2023-04-30,CUST041,Male,31,Electronics,2,30,60
42,2023-02-04,CUST042,Female,59,Beauty,1,500,500
43,2023-04-24,CUST043,Female,53,Clothing,2,300,600
44,2023-12-21,CUST044,Male,53,Beauty,3,50,150
45,2023-04-19,CUST045,Female,31,Clothing,4,300,1200
46,2023-04-11,CUST046,Female,64,Clothing,2,500,1000
47,2023-12-03,CUST047,Male,39,Beauty,4,50,200
48,2023-08-07,CUST048,Male,42,Electronics,3,50,150
49,2023-06-09,CUST049,Female,53,Beauty,2,500,1000
50,2023-11-01,CUST050,Male,49,Beauty,4,30,120
51,2023-07-27,CUST051,Male,26,Beauty,2,500,1000
52,2023-11-17,CUST052,Male,32,Clothing,1,25,25
53,2023-04-06,CUST053,Female,34,Beauty,4,50,200
54,2023-07-30,CUST054,Female,62,Clothing,4,300,1200
55,2023-01-09,CUST055,Female,51,Beauty,1,50,50
56,2023-01-11,CUST056,Female,35,Electronics,4,50,200
57,2023-08-13,CUST057,Male,52,Electronics,4,50,200
58,2023-01-04,CUST058,Female,52,Clothing,4,25,100
59,2023-03-22,CUST059,Male,36,Clothing,2,30,60
60,2023-10-26,CUST060,Male,36,Electronics,3,30,90
61,2023-04-18,CUST061,Female,60,Electronics,3,50,150
62,2023-01-20,CUST062,Male,44,Clothing,3,50,150
63,2023-07-17,CUST063,Female,25,Electronics,3,30,90
64,2023-03-18,CUST064,Female,51,Electronics,3,500,1500
65,2023-08-09,CUST065,Female,45,Electronics,3,30,90
66,2023-09-10,CUST066,Female,41,Clothing,3,50,150
67,2023-08-30,CUST067,Female,52,Beauty,3,50,150
68,2023-11-12,CUST068,Male,60,Beauty,1,25,25
69,2023-01-26,CUST069,Male,33,Clothing,1,300,300
70,2023-07-17,CUST070,Male,37,Clothing,4,50,200
71,2023-02-08,CUST071,Male,26,Clothing,4,25,100
72,2023-06-29,CUST072,Male,48,Clothing,3,500,1500
73,2023-08-03,CUST073,Female,36,Clothing,1,300,300
74,2023-09-27,CUST074,Male,34,Electronics,4,300,1200
75,2023-04-17,CUST075,Male,50,Beauty,1,500,500
76,2023-04-16,CUST076,Male,37,Beauty,2,500,1000
77,2023-08-26,CUST077,Male,39,Electronics,2,30,60
78,2023-01-15,CUST078,Female,38,Electronics,1,50,50
79,2023-08-03,CUST079,Female,30,Electronics,4,50,200
80,2023-04-22,CUST080,Female,23,Electronics,3,30,90
81,2023-09-05,CUST081,Female,56,Electronics,2,30,60
82,2023-01-25,CUST082,Male,22,Beauty,3,25,75
83,2023-04-11,CUST083,Female,33,Clothing,1,300,300
84,2023-01-25,CUST084,Male,49,Beauty,2,300,600
85,2023-04-26,CUST085,Male,24,Clothing,3,300,900
86,2023-07-19,CUST086,Male,48,Electronics,2,30,60
87,2023-12-30,CUST087,Female,52,Clothing,4,30,120
88,2023-09-18,CUST088,Male,49,Clothing,1,50,50
89,2023-10-02,CUST089,Male,32,Beauty,1,50,50
90,2023-04-30,CUST090,Male,18,Beauty,3,500,1500
91,2023-05-20,CUST091,Male,59,Beauty,4,500,2000
92,2023-06-14,CUST092,Female,33,Beauty,2,500,1000
93,2023-07-10,CUST093,Male,55,Electronics,1,500,500
94,2023-03-21,CUST094,Male,27,Clothing,4,500,2000
95,2023-10-14,CUST095,Male,25,Electronics,2,50,100
96,2023-06-08,CUST096,Female,54,Electronics,1,25,25
97,2023-10-06,CUST097,Male,62,Beauty,3,25,75
98,2023-02-02,CUST098,Male,58,Beauty,2,30,60
99,2023-01-23,CUST099,Male,53,Electronics,4,30,120
100,2023-10-28,CUST100,Female,29,Beauty,2,25,50
101,2023-09-18,CUST101,Female,60,Electronics,3,500,1500
102,2023-05-08,CUST102,Female,49,Beauty,3,25,75
103,2023-12-08,CUST103,Male,26,Clothing,1,500,500
104,2023-04-04,CUST104,Female,24,Electronics,2,300,600
105,2023-08-20,CUST105,Female,58,Beauty,1,50,50
106,2023-08-23,CUST106,Female,30,Beauty,3,300,900
107,2023-07-21,CUST107,Male,53,Electronics,4,30,120
108,2023-12-16,CUST108,Male,24,Beauty,4,50,200
109,2023-03-03,CUST109,Male,31,Clothing,2,25,50
110,2023-12-01,CUST110,Female,31,Clothing,2,500,1000
111,2023-07-12,CUST111,Male,31,Beauty,3,30,90
112,2023-10-27,CUST112,Male,49,Electronics,3,30,90
113,2023-12-25,CUST113,Male,60,Electronics,4,300,1200
114,2023-10-25,CUST114,Female,60,Clothing,1,300,300
115,2023-02-01,CUST115,Male,52,Electronics,1,50,50
116,2023-06-07,CUST116,Female,27,Beauty,2,50,100
117,2023-03-09,CUST117,Female,63,Beauty,2,25,50
118,2023-12-23,CUST118,Female,43,Clothing,2,300,600
119,2023-07-14,CUST119,Male,43,Electronics,4,30,120
120,2023-04-18,CUST120,Female,50,Beauty,1,30,30
121,2023-11-22,CUST121,Female,54,Beauty,4,25,100
122,2023-06-04,CUST122,Female,62,Clothing,3,30,90
123,2023-09-17,CUST123,Male,45,Electronics,3,30,90
124,2023-04-05,CUST124,Male,46,Beauty,3,50,150
125,2023-03-28,CUST125,Male,53,Clothing,1,25,25
126,2023-07-23,CUST126,Male,29,Electronics,3,25,75
127,2023-08-01,CUST127,Male,32,Clothing,1,50,50
128,2023-06-12,CUST128,Male,47,Beauty,3,25,75
129,2023-11-12,CUST129,Male,21,Beauty,3,300,900
130,2023-10-19,CUST130,Female,33,Clothing,3,500,1500
131,2023-08-07,CUST131,Male,51,Clothing,2,50,100
132,2023-11-06,CUST132,Female,63,Electronics,2,500,1000
133,2023-04-07,CUST133,Female,42,Clothing,2,25,50
134,2023-12-29,CUST134,Male,36,Electronics,1,25,25
135,2023-07-12,CUST135,Female,38,Electronics,3,300,900
136,2023-01-21,CUST136,Male,50,Clothing,1,300,300
137,2023-02-13,CUST137,Female,43,Clothing,2,300,600
138,2023-03-20,CUST138,Male,19,Electronics,3,25,75
139,2023-01-10,CUST139,Female,43,Beauty,1,300,300
140,2023-01-27,CUST140,Male,36,Electronics,4,30,120
141,2023-01-17,CUST141,Male,50,Electronics,2,30,60
142,2023-03-31,CUST142,Male,59,Beauty,1,25,25
143,2023-09-20,CUST143,Female,63,Clothing,3,500,1500
144,2023-04-13,CUST144,Female,46,Beauty,3,25,75
145,2023-11-22,CUST145,Male,35,Beauty,3,300,900
146,2023-11-30,CUST146,Male,38,Clothing,4,50,200
147,2023-10-23,CUST147,Male,26,Beauty,2,300,600
148,2023-03-30,CUST148,Female,61,Electronics,4,300,1200
149,2023-10-27,CUST149,Male,57,Electronics,2,500,1000
150,2023-04-27,CUST150,Male,58,Electronics,3,25,75
151,2023-08-23,CUST151,Female,33,Beauty,1,25,25
152,2023-02-27,CUST152,Female,33,Beauty,3,50,150
153,2023-12-22,CUST153,Male,58,Beauty,2,30,60
154,2023-06-06,CUST154,Female,43,Beauty,3,25,75
155,2023-12-09,CUST155,Male,51,Electronics,4,25,100
156,2023-06-18,CUST156,Female,41,Clothing,4,30,120
157,2023-04-23,CUST157,Male,38,Beauty,4,25,100
158,2023-09-11,CUST158,Female,47,Electronics,1,25,25
159,2023-01-22,CUST159,Female,56,Clothing,1,500,500
160,2023-11-19,CUST160,Female,33,Beauty,4,30,120
161,2023-08-05,CUST161,Male,56,Beauty,2,500,1000
162,2023-10-07,CUST162,Female,29,Clothing,1,500,500
163,2023-08-25,CUST163,Male,36,Electronics,2,25,50
164,2023-08-25,CUST164,Male,60,Beauty,4,300,1200
165,2023-11-12,CUST165,Female,62,Electronics,2,50,100
166,2023-09-01,CUST166,Male,61,Electronics,1,300,300
167,2023-04-19,CUST167,Female,32,Electronics,3,25,75
168,2023-09-09,CUST168,Female,57,Beauty,1,25,25
169,2023-04-25,CUST169,Male,61,Beauty,2,25,50
170,2023-04-23,CUST170,Female,63,Electronics,1,50,50
171,2023-05-12,CUST171,Male,18,Beauty,3,500,1500
172,2023-06-24,CUST172,Female,53,Clothing,2,300,600
173,2023-02-10,CUST173,Male,64,Electronics,4,300,1200
174,2023-12-27,CUST174,Female,53,Beauty,2,500,1000
175,2023-06-27,CUST175,Male,28,Electronics,1,300,300
176,2023-05-13,CUST176,Male,53,Electronics,1,25,25
177,2023-04-03,CUST177,Male,22,Electronics,1,500,500
178,2023-04-05,CUST178,Female,40,Clothing,2,30,60
179,2023-10-20,CUST179,Female,47,Electronics,1,25,25
180,2023-09-04,CUST180,Female,39,Clothing,2,50,100
181,2023-06-29,CUST181,Female,50,Electronics,4,500,2000
182,2023-09-02,CUST182,Female,29,Electronics,4,30,120
183,2023-05-18,CUST183,Female,46,Electronics,3,50,150
184,2023-07-11,CUST184,Male,48,Beauty,4,25,100
185,2023-11-04,CUST185,Female,47,Beauty,4,25,100
186,2023-02-19,CUST186,Female,31,Beauty,3,25,75
187,2023-05-10,CUST187,Male,32,Clothing,4,300,1200
188,2023-05-13,CUST188,Male,30,Clothing,1,500,500
189,2023-12-10,CUST189,Female,39,Clothing,4,25,100
190,2023-09-30,CUST190,Male,45,Clothing,2,30,60
191,2023-12-12,CUST191,Female,35,Electronics,3,25,75
192,2023-10-30,CUST192,Male,37,Electronics,4,25,100
193,2023-08-28,CUST193,Male,31,Beauty,2,50,100
194,2023-03-14,CUST194,Female,28,Electronics,1,300,300
195,2023-03-19,CUST195,Male,48,Clothing,2,50,100
196,2023-05-29,CUST196,Male,56,Clothing,2,30,60
197,2023-05-01,CUST197,Female,31,Beauty,4,50,200
198,2023-03-17,CUST198,Female,58,Electronics,4,25,100
199,2023-08-12,CUST199,Male,44,Electronics,3,25,75
200,2023-01-29,CUST200,Male,25,Electronics,4,500,2000
201,2023-01-11,CUST201,Female,35,Electronics,2,300,600
202,2023-07-14,CUST202,Female,18,Electronics,2,500,1000
203,2023-09-11,CUST203,Male,19,Clothing,4,500,2000
204,2023-07-22,CUST204,Male,33,Clothing,3,50,150
205,2023-11-01,CUST205,Male,39,Clothing,3,500,1500
206,2023-08-06,CUST206,Male,55,Electronics,2,50,100
207,2023-03-02,CUST207,Male,24,Beauty,3,25,75
208,2023-12-01,CUST208,Female,57,Clothing,4,25,100
209,2023-06-30,CUST209,Male,29,Electronics,2,25,50
210,2023-10-28,CUST210,Male,24,Beauty,1,25,25
211,2023-01-24,CUST211,Female,50,Electronics,1,30,30
212,2023-02-21,CUST212,Female,54,Clothing,1,300,300
213,2023-12-04,CUST213,Male,46,Electronics,2,300,600
214,2023-10-29,CUST214,Female,23,Electronics,3,50,150
215,2023-08-27,CUST215,Female,23,Beauty,4,25,100
216,2023-05-01,CUST216,Female,36,Electronics,1,300,300
217,2023-08-30,CUST217,Male,39,Beauty,4,30,120
218,2023-04-01,CUST218,Male,64,Clothing,3,25,75
219,2023-11-27,CUST219,Female,31,Clothing,1,30,30
220,2023-09-15,CUST220,Male,27,Electronics,2,30,60
221,2023-04-22,CUST221,Male,62,Beauty,2,30,60
222,2023-09-25,CUST222,Male,25,Beauty,4,300,1200
223,2023-12-22,CUST223,Female,19,Electronics,4,300,1200
224,2023-01-18,CUST224,Female,37,Clothing,4,300,1200
225,2023-11-23,CUST225,Male,36,Clothing,3,25,75
226,2023-01-01,CUST226,Female,47,Beauty,2,300,600
227,2023-07-18,CUST227,Male,59,Clothing,2,300,600
228,2023-05-08,CUST228,Female,61,Electronics,4,25,100
229,2023-11-26,CUST229,Female,31,Beauty,1,50,50
230,2023-07-15,CUST230,Male,64,Clothing,2,50,100
231,2023-05-06,CUST231,Male,47,Electronics,1,50,50
232,2023-12-29,CUST232,Male,21,Beauty,2,25,50
233,2023-06-25,CUST233,Female,62,Electronics,2,50,100
234,2023-07-29,CUST234,Female,24,Beauty,1,25,25
235,2023-01-13,CUST235,Female,45,Electronics,2,25,50
236,2023-01-12,CUST236,Female,55,Electronics,4,25,100
237,2023-03-26,CUST237,Male,29,Electronics,3,500,1500
238,2023-12-17,CUST238,Female,30,Beauty,4,30,120
239,2023-03-11,CUST239,Male,40,Clothing,4,30,120
240,2023-05-02,CUST240,Male,59,Electronics,4,30,120
241,2023-01-02,CUST241,Female,28,Beauty,2,500,1000
242,2023-03-16,CUST242,Female,49,Beauty,4,50,200
243,2023-07-07,CUST243,Male,39,Beauty,4,500,2000
244,2023-10-19,CUST244,Female,23,Electronics,4,30,120
245,2023-04-22,CUST245,Female,51,Electronics,2,25,50
246,2023-02-09,CUST246,Female,57,Clothing,1,50,50
247,2023-06-06,CUST247,Female,45,Electronics,3,30,90
248,2023-01-29,CUST248,Male,26,Clothing,4,300,1200
249,2023-01-31,CUST249,Male,25,Clothing,4,500,2000
250,2023-04-15,CUST250,Male,37,Clothing,3,50,150
251,2023-01-30,CUST251,Female,41,Clothing,1,500,500
252,2023-12-28,CUST252,Female,43,Beauty,2,50,100
253,2023-10-15,CUST253,Male,29,Electronics,3,30,90
254,2023-11-22,CUST254,Male,41,Electronics,3,50,150
255,2023-05-26,CUST255,Male,31,Clothing,2,25,50
256,2023-04-28,CUST256,Female,50,Clothing,2,300,600
257,2023-07-09,CUST257,Female,55,Beauty,1,25,25
258,2023-11-30,CUST258,Male,48,Electronics,2,30,60
259,2023-12-02,CUST259,Male,18,Electronics,3,50,150
260,2023-01-02,CUST260,Female,64,Electronics,1,25,25
261,2023-09-24,CUST261,Male,19,Beauty,4,25,100
262,2023-06-19,CUST262,Female,64,Beauty,1,300,300
263,2023-02-05,CUST263,Male,19,Beauty,3,25,75
264,2023-04-07,CUST264,Male,42,Beauty,2,50,100
265,2023-05-11,CUST265,Female,22,Beauty,4,30,120
266,2023-11-13,CUST266,Male,22,Beauty,4,30,120
267,2023-10-18,CUST267,Male,50,Electronics,3,25,75
268,2023-05-19,CUST268,Male,52,Beauty,3,300,900
269,2023-08-18,CUST269,Male,23,Beauty,3,500,1500
270,2023-05-19,CUST270,Male,63,Electronics,3,25,75
271,2023-06-28,CUST271,Male,33,Clothing,1,500,500
272,2023-02-12,CUST272,Male,32,Electronics,2,50,100
273,2023-11-24,CUST273,Male,31,Clothing,1,50,50
274,2023-04-02,CUST274,Female,39,Electronics,2,300,600
275,2023-07-10,CUST275,Female,26,Clothing,3,300,900
276,2023-01-04,CUST276,Male,37,Clothing,1,300,300
277,2023-03-13,CUST277,Male,27,Electronics,1,50,50
278,2023-08-08,CUST278,Male,20,Clothing,4,50,200
279,2023-01-30,CUST279,Female,35,Clothing,2,30,60
280,2023-10-13,CUST280,Female,49,Clothing,1,25,25
281,2023-08-02,CUST281,Male,53,Beauty,3,300,900
282,2023-10-18,CUST282,Male,34,Electronics,3,25,75
283,2023-03-29,CUST283,Male,33,Beauty,4,30,120
284,2023-04-16,CUST284,Male,55,Beauty,4,25,100
285,2023-03-18,CUST285,Female,50,Beauty,4,25,100
286,2023-09-19,CUST286,Male,57,Electronics,3,50,150
287,2023-05-11,CUST287,Male,60,Beauty,2,50,100
288,2023-06-13,CUST288,Male,56,Electronics,4,50,200
289,2023-03-24,CUST289,Female,62,Electronics,2,25,50
290,2023-12-13,CUST290,Male,37,Beauty,2,50,100
291,2023-12-11,CUST291,Female,36,Electronics,4,30,120
292,2023-10-18,CUST292,Male,33,Beauty,4,300,1200
293,2023-07-02,CUST293,Female,29,Beauty,2,50,100
294,2023-06-19,CUST294,Male,53,Electronics,3,50,150
295,2023-05-12,CUST295,Female,51,Electronics,4,50,200
296,2023-06-20,CUST296,Female,55,Beauty,4,500,2000
297,2023-12-07,CUST297,Female,25,Clothing,1,300,300
298,2023-06-05,CUST298,Female,41,Beauty,3,50,150
299,2023-01-03,CUST299,Female,28,Clothing,1,50,50
300,2023-02-26,CUST300,Female,59,Clothing,4,25,100
301,2023-07-17,CUST301,Female,30,Clothing,1,500,500
302,2023-06-10,CUST302,Male,24,Clothing,4,30,120
303,2023-06-25,CUST303,Female,44,Beauty,1,30,30
304,2023-06-03,CUST304,Female,59,Electronics,2,500,1000
305,2023-10-11,CUST305,Female,61,Clothing,1,300,300
306,2023-12-12,CUST306,Male,22,Electronics,4,25,100
307,2023-05-02,CUST307,Male,33,Beauty,2,25,50
308,2023-07-29,CUST308,Female,25,Clothing,3,25,75
309,2023-12-07,CUST309,Male,32,Clothing,1,50,50
310,2023-07-26,CUST310,Male,43,Beauty,2,25,50
311,2023-08-05,CUST311,Male,31,Beauty,4,500,2000
312,2023-07-13,CUST312,Male,21,Clothing,4,500,2000
313,2023-07-31,CUST313,Male,41,Electronics,1,50,50
314,2023-09-15,CUST314,Male,20,Beauty,2,50,100
315,2023-06-13,CUST315,Male,28,Electronics,2,30,60
316,2023-06-15,CUST316,Male,18,Clothing,3,25,75
317,2023-03-25,CUST317,Male,22,Electronics,3,300,900
318,2023-05-09,CUST318,Female,38,Clothing,1,25,25
319,2023-09-23,CUST319,Male,57,Clothing,4,25,100
320,2023-03-19,CUST320,Female,54,Clothing,1,30,30
321,2023-01-29,CUST321,Female,22,Electronics,2,25,50
322,2023-02-23,CUST322,Male,19,Clothing,4,50,200
323,2023-04-21,CUST323,Male,33,Clothing,3,300,900
324,2023-08-17,CUST324,Female,48,Clothing,2,300,600
325,2023-10-11,CUST325,Female,53,Electronics,4,50,200
326,2023-07-04,CUST326,Female,56,Beauty,2,300,600
327,2023-05-05,CUST327,Female,34,Clothing,3,50,150
328,2023-06-26,CUST328,Female,25,Clothing,1,300,300
329,2023-09-17,CUST329,Female,19,Electronics,1,50,50
330,2023-02-18,CUST330,Male,24,Clothing,2,30,60
331,2023-09-14,CUST331,Female,21,Clothing,3,500,1500
332,2023-04-24,CUST332,Male,58,Electronics,4,30,120
333,2023-09-21,CUST333,Female,30,Clothing,2,25,50
334,2023-08-18,CUST334,Female,56,Beauty,4,30,120
335,2023-01-01,CUST335,Male,43,Beauty,3,30,90
336,2023-04-26,CUST336,Female,43,Beauty,1,30,30
337,2023-09-15,CUST337,Male,39,Beauty,3,50,150
338,2023-07-19,CUST338,Female,56,Clothing,3,500,1500
339,2023-11-14,CUST339,Male,20,Electronics,2,30,60
340,2023-07-13,CUST340,Female,22,Electronics,2,50,100
341,2023-06-23,CUST341,Male,37,Beauty,2,30,60
342,2023-05-28,CUST342,Female,36,Clothing,3,300,900
343,2023-03-04,CUST343,Female,43,Beauty,3,25,75
344,2023-02-15,CUST344,Female,52,Electronics,2,25,50
345,2023-05-24,CUST345,Female,45,Beauty,2,50,100
346,2023-06-03,CUST346,Female,30,Clothing,2,300,600
347,2023-07-21,CUST347,Female,33,Beauty,2,300,600
348,2023-11-26,CUST348,Male,53,Clothing,2,50,100
349,2023-02-02,CUST349,Female,27,Clothing,2,300,600
350,2023-12-09,CUST350,Male,41,Electronics,3,30,90
351,2023-03-07,CUST351,Female,43,Beauty,1,25,25
352,2023-04-10,CUST352,Male,53,Electronics,3,25,75
353,2023-11-23,CUST353,Female,51,Clothing,1,25,25
354,2023-01-26,CUST354,Female,39,Electronics,2,30,60
355,2023-04-17,CUST355,Male,32,Electronics,4,50,200
356,2023-02-17,CUST356,Female,35,Electronics,4,30,120
357,2023-04-20,CUST357,Female,37,Beauty,3,50,150
358,2023-06-04,CUST358,Female,28,Beauty,3,50,150
359,2023-04-29,CUST359,Male,47,Beauty,1,300,300
360,2023-02-22,CUST360,Female,27,Beauty,2,300,600
361,2023-06-04,CUST361,Female,48,Clothing,3,30,90
362,2023-07-31,CUST362,Male,53,Electronics,4,30,120
363,2023-02-19,CUST363,Male,63,Electronics,3,50,150
364,2023-06-13,CUST364,Male,23,Clothing,4,50,200
365,2023-03-01,CUST365,Female,53,Clothing,2,30,60
366,2023-01-11,CUST366,Male,22,Electronics,1,30,30
367,2023-10-09,CUST367,Female,33,Electronics,1,300,300
368,2023-03-12,CUST368,Female,26,Beauty,3,50,150
369,2023-05-22,CUST369,Male,25,Clothing,3,25,75
370,2023-11-07,CUST370,Female,26,Electronics,2,50,100
371,2023-03-03,CUST371,Female,20,Beauty,4,500,2000
372,2023-09-14,CUST372,Male,56,Clothing,3,25,75
373,2023-02-21,CUST373,Male,20,Electronics,2,500,1000
374,2023-03-05,CUST374,Male,36,Electronics,1,25,25
375,2023-01-03,CUST375,Male,50,Electronics,3,50,150
376,2023-09-29,CUST376,Male,64,Electronics,3,50,150
377,2023-06-24,CUST377,Female,58,Beauty,1,25,25
378,2023-01-27,CUST378,Male,24,Beauty,2,500,1000
379,2023-11-28,CUST379,Male,64,Clothing,2,50,100
380,2023-10-24,CUST380,Female,48,Clothing,3,500,1500
381,2023-03-28,CUST381,Female,26,Clothing,1,30,30
382,2023-02-22,CUST382,Female,39,Clothing,4,500,2000
383,2023-10-16,CUST383,Female,61,Clothing,2,500,1000
384,2023-03-27,CUST384,Male,36,Electronics,2,50,100
385,2023-03-22,CUST385,Male,26,Beauty,1,30,30
386,2023-12-03,CUST386,Female,59,Beauty,4,300,1200
387,2023-07-02,CUST387,Female,62,Beauty,1,50,50
388,2023-02-18,CUST388,Female,63,Beauty,4,500,2000
389,2023-12-27,CUST389,Male,62,Electronics,2,50,100
390,2023-10-10,CUST390,Female,59,Clothing,4,30,120
391,2023-03-09,CUST391,Female,39,Beauty,1,25,25
392,2023-01-15,CUST392,Male,27,Electronics,1,300,300
393,2023-09-11,CUST393,Female,47,Clothing,4,500,2000
394,2023-02-09,CUST394,Female,28,Beauty,4,25,100
395,2023-08-03,CUST395,Male,40,Beauty,3,300,900
396,2023-01-21,CUST396,Male,48,Beauty,1,500,500
397,2023-05-28,CUST397,Female,62,Clothing,4,25,100
398,2023-06-11,CUST398,Male,31,Beauty,2,25,50
399,2023-10-03,CUST399,Male,29,Beauty,4,300,1200
400,2023-12-30,CUST400,Male,52,Beauty,4,50,200
401,2023-01-09,CUST401,Male,18,Clothing,4,25,100
402,2023-06-20,CUST402,Female,44,Beauty,3,300,900
403,2023-07-16,CUST403,Female,53,Electronics,3,50,150
404,2023-07-13,CUST404,Male,43,Beauty,3,500,1500
405,2023-08-14,CUST405,Female,36,Clothing,1,500,500
406,2023-09-10,CUST406,Female,56,Clothing,2,300,600
407,2023-12-04,CUST407,Male,35,Clothing,3,50,150
408,2023-05-04,CUST408,Female,51,Beauty,4,30,120
409,2023-01-19,CUST409,Male,39,Electronics,3,50,150
410,2023-07-04,CUST410,Female,19,Electronics,3,25,75
411,2023-07-08,CUST411,Female,42,Beauty,1,300,300
412,2023-12-02,CUST412,Female,20,Beauty,2,25,50
413,2023-10-12,CUST413,Male,61,Electronics,3,50,150
414,2023-04-07,CUST414,Female,46,Clothing,4,25,100
415,2023-10-25,CUST415,Male,35,Beauty,2,30,60
416,2023-09-16,CUST416,Male,40,Beauty,1,30,30
417,2023-09-06,CUST417,Male,47,Clothing,2,50,100
418,2023-10-31,CUST418,Female,30,Electronics,1,300,300
419,2023-07-08,CUST419,Male,31,Clothing,3,25,75
420,2023-06-12,CUST420,Female,37,Electronics,3,500,1500
421,2023-01-07,CUST421,Female,30,Clothing,4,500,2000
422,2023-09-18,CUST422,Male,53,Beauty,4,30,120
423,2023-06-25,CUST423,Male,22,Clothing,1,300,300
424,2023-07-26,CUST424,Male,56,Clothing,1,50,50
425,2023-06-07,CUST425,Female,34,Beauty,2,25,50
426,2023-05-14,CUST426,Female,44,Beauty,1,50,50
427,2023-01-31,CUST427,Male,25,Clothing,4,25,100
428,2023-01-23,CUST428,Female,36,Electronics,1,500,500
429,2023-08-21,CUST429,Male,53,Beauty,1,500,500
430,2023-04-10,CUST430,Female,30,Clothing,4,300,1200
431,2023-04-14,CUST431,Female,24,Clothing,4,50,200
432,2023-05-12,CUST432,Female,42,Clothing,1,50,50
433,2023-05-09,CUST433,Female,25,Electronics,2,500,1000
434,2023-06-16,CUST434,Female,32,Electronics,3,30,90
435,2023-04-12,CUST435,Male,39,Electronics,3,25,75
436,2023-01-05,CUST436,Male,44,Beauty,4,50,200
437,2023-03-08,CUST437,Male,48,Clothing,2,30,60
438,2023-05-15,CUST438,Male,49,Clothing,1,30,30
439,2023-11-18,CUST439,Female,57,Beauty,2,25,50
440,2023-08-13,CUST440,Female,21,Beauty,3,50,150
441,2023-03-23,CUST441,Female,35,Beauty,3,30,90
442,2023-07-28,CUST442,Male,18,Clothing,3,25,75
443,2023-12-20,CUST443,Female,18,Clothing,4,25,100
444,2023-08-26,CUST444,Male,27,Beauty,4,30,120
445,2023-07-18,CUST445,Male,46,Electronics,2,500,1000
446,2023-08-01,CUST446,Female,60,Electronics,2,30,60
447,2023-08-19,CUST447,Female,54,Beauty,3,300,900
448,2023-03-06,CUST448,Female,48,Electronics,2,300,600
449,2023-08-31,CUST449,Male,54,Beauty,2,30,60
450,2023-09-03,CUST450,Female,26,Electronics,1,300,300
451,2023-08-02,CUST451,Male,57,Electronics,2,300,600
452,2023-11-15,CUST452,Female,59,Beauty,3,50,150
453,2023-05-24,CUST453,Female,22,Electronics,4,25,100
454,2023-03-01,CUST454,Male,40,Electronics,4,25,100
455,2023-04-01,CUST455,Male,57,Electronics,2,500,1000
456,2023-08-20,CUST456,Male,40,Electronics,1,300,300
457,2023-11-19,CUST457,Female,57,Clothing,1,500,500
458,2023-09-01,CUST458,Male,61,Beauty,2,500,1000
459,2023-05-17,CUST459,Female,40,Electronics,3,25,75
460,2023-05-31,CUST460,Female,20,Clothing,4,300,1200
461,2023-01-27,CUST461,Female,33,Clothing,4,50,200
462,2023-02-11,CUST462,Male,28,Clothing,1,300,300
463,2023-08-06,CUST463,Female,40,Clothing,3,25,75
464,2023-12-17,CUST464,Male,45,Beauty,2,30,60
465,2023-05-23,CUST465,Female,39,Electronics,1,300,300
466,2023-02-07,CUST466,Female,27,Beauty,3,300,900
467,2023-02-11,CUST467,Female,32,Electronics,1,50,50
468,2023-06-01,CUST468,Female,49,Electronics,2,30,60
469,2023-07-11,CUST469,Male,19,Clothing,3,30,90
470,2023-06-16,CUST470,Male,28,Clothing,2,500,1000
471,2023-05-30,CUST471,Male,59,Beauty,3,50,150
472,2023-02-03,CUST472,Male,22,Electronics,2,50,100
473,2023-12-05,CUST473,Male,37,Electronics,4,50,200
474,2023-02-02,CUST474,Male,27,Clothing,1,50,50
475,2023-05-03,CUST475,Male,22,Beauty,1,50,50
476,2023-12-26,CUST476,Male,37,Beauty,3,50,150
477,2023-12-02,CUST477,Male,42,Clothing,2,300,600
478,2023-12-06,CUST478,Female,26,Electronics,3,500,1500
479,2023-08-09,CUST479,Female,21,Electronics,1,500,500
480,2023-08-05,CUST480,Male,24,Beauty,3,50,150
481,2023-08-11,CUST481,Male,48,Electronics,4,50,200
482,2023-02-04,CUST482,Male,58,Clothing,1,300,300
483,2023-01-05,CUST483,Female,26,Electronics,2,300,600
484,2023-05-25,CUST484,Male,33,Beauty,4,50,200
485,2023-07-14,CUST485,Male,34,Clothing,3,300,900
486,2023-01-16,CUST486,Male,34,Electronics,1,300,300
487,2023-01-16,CUST487,Male,29,Beauty,1,300,300
488,2023-04-30,CUST488,Male,20,Electronics,4,300,1200
489,2023-03-02,CUST489,Female,42,Electronics,4,30,120
490,2023-07-01,CUST490,Female,34,Beauty,2,50,100
491,2023-11-16,CUST491,Female,34,Beauty,2,50,100
492,2023-08-06,CUST492,Female,30,Clothing,4,25,100
493,2023-10-03,CUST493,Female,61,Beauty,1,500,500
494,2023-02-06,CUST494,Male,46,Beauty,1,50,50
495,2023-06-05,CUST495,Female,37,Clothing,4,25,100
496,2023-03-06,CUST496,Female,27,Electronics,1,300,300
497,2023-06-11,CUST497,Male,55,Beauty,4,300,1200
498,2023-06-01,CUST498,Female,59,Beauty,2,300,600
499,2023-11-13,CUST499,Male,19,Electronics,4,30,120
500,2023-11-18,CUST500,Female,61,Clothing,1,500,500
501,2023-09-05,CUST501,Female,50,Electronics,4,50,200
502,2023-03-06,CUST502,Female,22,Clothing,1,50,50
503,2023-05-24,CUST503,Female,53,Electronics,1,25,25
504,2023-11-28,CUST504,Male,23,Clothing,3,50,150
505,2023-10-16,CUST505,Female,20,Beauty,3,300,900
506,2023-12-16,CUST506,Female,23,Electronics,4,50,200
507,2023-09-07,CUST507,Male,39,Clothing,1,50,50
508,2023-05-20,CUST508,Female,47,Beauty,1,300,300
509,2023-12-15,CUST509,Male,37,Beauty,3,300,900
510,2023-10-01,CUST510,Male,23,Electronics,4,30,120
511,2023-04-04,CUST511,Male,27,Beauty,2,500,1000
512,2023-07-16,CUST512,Female,58,Beauty,4,300,1200
513,2023-05-03,CUST513,Male,63,Beauty,4,500,2000
514,2023-01-06,CUST514,Male,53,Clothing,4,500,2000
515,2023-04-29,CUST515,Male,22,Clothing,3,500,1500
516,2023-10-04,CUST516,Male,56,Clothing,3,300,900
517,2023-03-22,CUST517,Male,50,Beauty,3,50,150
518,2023-03-07,CUST518,Female,42,Beauty,3,25,75
519,2023-12-25,CUST519,Male,24,Clothing,3,50,150
520,2023-01-09,CUST520,Female,64,Clothing,3,300,900
521,2023-05-10,CUST521,Female,38,Clothing,2,50,100
522,2023-08-31,CUST522,Male,20,Beauty,3,500,1500
523,2023-11-10,CUST523,Male,27,Beauty,4,25,100
524,2023-05-04,CUST524,Female,36,Beauty,4,30,120
525,2023-06-07,CUST525,Male,20,Clothing,3,50,150
526,2023-07-20,CUST526,Male,33,Clothing,1,50,50
527,2023-10-31,CUST527,Female,40,Electronics,3,25,75
528,2023-03-15,CUST528,Female,62,Clothing,2,25,50
529,2023-08-18,CUST529,Female,22,Clothing,1,300,300
530,2023-02-03,CUST530,Male,45,Clothing,1,50,50
531,2023-07-23,CUST531,Female,61,Beauty,3,25,75
532,2023-01-25,CUST532,Female,55,Clothing,4,25,100
533,2023-08-15,CUST533,Male,61,Clothing,3,50,150
534,2023-04-14,CUST534,Female,26,Clothing,2,25,50
535,2023-11-04,CUST535,Male,55,Beauty,1,300,300
536,2023-06-08,CUST536,Male,63,Electronics,3,300,900
537,2023-02-25,CUST537,Female,33,Electronics,1,30,30
538,2023-01-28,CUST538,Male,41,Beauty,4,50,200
539,2023-09-23,CUST539,Male,42,Clothing,4,25,100
540,2023-06-12,CUST540,Female,41,Electronics,4,30,120
541,2023-03-10,CUST541,Female,31,Beauty,2,500,1000
542,2023-04-09,CUST542,Female,63,Electronics,1,50,50
543,2023-03-27,CUST543,Female,62,Clothing,2,500,1000
544,2023-06-27,CUST544,Female,35,Electronics,4,30,120
545,2023-02-12,CUST545,Male,55,Electronics,1,30,30
546,2023-12-10,CUST546,Male,36,Beauty,4,50,200
547,2023-07-06,CUST547,Male,55,Clothing,1,50,50
548,2023-10-28,CUST548,Male,45,Clothing,1,500,500
549,2023-08-04,CUST549,Female,40,Beauty,1,25,25
550,2023-02-15,CUST550,Male,24,Beauty,4,500,2000
551,2023-02-12,CUST551,Male,48,Electronics,3,500,1500
552,2023-06-22,CUST552,Male,33,Beauty,2,50,100
553,2023-09-10,CUST553,Male,28,Clothing,3,30,90
554,2023-01-21,CUST554,Female,27,Electronics,3,50,150
555,2023-11-11,CUST555,Male,64,Beauty,3,30,90
556,2023-11-29,CUST556,Male,22,Clothing,3,300,900
557,2023-05-15,CUST557,Male,55,Electronics,1,50,50
558,2023-04-08,CUST558,Male,58,Clothing,2,500,1000
559,2023-01-17,CUST559,Female,19,Beauty,3,50,150
560,2023-05-08,CUST560,Male,45,Beauty,1,50,50
561,2023-03-13,CUST561,Male,45,Electronics,2,300,600
562,2023-12-31,CUST562,Male,34,Beauty,1,50,50
563,2023-10-31,CUST563,Female,49,Clothing,4,500,2000
564,2023-09-26,CUST564,Female,37,Beauty,1,25,25
565,2023-04-06,CUST565,Female,38,Clothing,1,500,500
566,2023-06-11,CUST566,Female,38,Electronics,3,300,900
567,2023-09-03,CUST567,Female,55,Clothing,1,500,500
568,2023-04-21,CUST568,Male,47,Electronics,2,50,100
569,2023-05-05,CUST569,Male,35,Beauty,2,300,600
570,2023-12-18,CUST570,Female,61,Clothing,1,30,30
571,2023-02-24,CUST571,Male,55,Electronics,4,300,1200
572,2023-02-15,CUST572,Female,61,Clothing,3,25,75
573,2023-10-14,CUST573,Male,52,Beauty,1,30,30
574,2023-01-19,CUST574,Female,36,Electronics,3,50,150
575,2023-05-09,CUST575,Female,54,Clothing,3,30,90
576,2023-12-04,CUST576,Male,33,Clothing,3,30,90
577,2023-02-21,CUST577,Female,30,Electronics,3,300,900
578,2023-06-21,CUST578,Female,39,Beauty,4,30,120
579,2023-05-26,CUST579,Female,63,Beauty,2,300,600
580,2023-08-16,CUST580,Male,44,Beauty,2,25,50
581,2023-04-27,CUST581,Male,36,Clothing,3,300,900
582,2023-01-07,CUST582,Female,39,Beauty,4,300,1200
583,2023-10-22,CUST583,Male,31,Electronics,3,50,150
584,2023-10-15,CUST584,Male,48,Beauty,1,300,300
585,2023-10-22,CUST585,Female,34,Clothing,2,500,1000
586,2023-05-29,CUST586,Female,44,Beauty,3,300,900
587,2023-07-15,CUST587,Male,35,Clothing,1,30,30
588,2023-08-14,CUST588,Male,33,Clothing,4,50,200
589,2023-01-14,CUST589,Male,63,Electronics,4,300,1200
590,2023-03-05,CUST590,Male,34,Clothing,4,30,120
591,2023-03-31,CUST591,Female,21,Clothing,1,300,300
592,2023-10-29,CUST592,Male,35,Electronics,3,30,90
593,2023-09-01,CUST593,Male,43,Clothing,3,300,900
594,2023-10-02,CUST594,Female,22,Beauty,3,25,75
595,2023-11-09,CUST595,Male,32,Electronics,4,25,100
596,2023-02-26,CUST596,Male,25,Clothing,2,500,1000
597,2023-04-15,CUST597,Female,41,Beauty,3,500,1500
598,2023-08-08,CUST598,Female,51,Clothing,3,500,1500
599,2023-07-27,CUST599,Female,63,Beauty,4,500,2000
600,2023-09-28,CUST600,Female,36,Beauty,4,50,200
601,2023-01-07,CUST601,Male,58,Electronics,2,30,60
602,2023-02-16,CUST602,Female,28,Beauty,4,25,100
603,2023-04-28,CUST603,Female,54,Electronics,1,50,50
604,2023-04-03,CUST604,Female,44,Electronics,2,30,60
605,2023-08-28,CUST605,Female,53,Clothing,3,500,1500
606,2023-12-18,CUST606,Female,53,Electronics,1,25,25
607,2023-03-11,CUST607,Female,43,Electronics,2,25,50
608,2023-02-11,CUST608,Male,30,Electronics,3,30,90
609,2023-08-13,CUST609,Female,42,Clothing,3,25,75
610,2023-08-09,CUST610,Male,56,Beauty,1,30,30
611,2023-03-07,CUST611,Female,63,Clothing,2,300,600
612,2023-04-20,CUST612,Female,61,Clothing,1,30,30
613,2023-10-04,CUST613,Female,26,Beauty,3,50,150
614,2023-09-17,CUST614,Female,46,Clothing,2,500,1000
615,2023-09-21,CUST615,Male,22,Beauty,3,50,150
616,2023-09-07,CUST616,Female,49,Electronics,3,300,900
617,2023-12-23,CUST617,Female,64,Beauty,4,30,120
618,2023-07-08,CUST618,Male,20,Beauty,1,25,25
619,2023-12-25,CUST619,Male,48,Beauty,4,30,120
620,2023-01-17,CUST620,Male,62,Beauty,1,500,500
621,2023-11-28,CUST621,Female,57,Beauty,1,50,50
622,2023-02-27,CUST622,Male,36,Beauty,1,30,30
623,2023-11-07,CUST623,Female,22,Beauty,1,50,50
624,2023-03-04,CUST624,Male,61,Beauty,4,300,1200
625,2023-01-06,CUST625,Female,61,Clothing,1,300,300
626,2023-07-06,CUST626,Male,45,Clothing,3,50,150
627,2023-01-18,CUST627,Female,64,Beauty,2,500,1000
628,2023-12-20,CUST628,Male,18,Beauty,1,300,300
629,2023-12-09,CUST629,Female,46,Beauty,2,50,100
630,2023-07-07,CUST630,Female,19,Beauty,1,25,25
631,2023-12-13,CUST631,Female,61,Beauty,2,25,50
632,2023-06-24,CUST632,Female,49,Electronics,3,500,1500
633,2023-04-14,CUST633,Male,60,Electronics,3,50,150
634,2023-09-19,CUST634,Male,44,Electronics,2,50,100
635,2023-11-16,CUST635,Male,21,Clothing,4,50,200
636,2023-03-23,CUST636,Male,19,Clothing,3,25,75
637,2023-01-10,CUST637,Female,33,Beauty,2,300,600
638,2023-12-14,CUST638,Female,52,Electronics,2,30,60
639,2023-06-09,CUST639,Female,25,Electronics,1,300,300
640,2023-12-13,CUST640,Female,58,Electronics,4,50,200
641,2023-05-13,CUST641,Female,29,Electronics,4,30,120
642,2023-03-25,CUST642,Female,41,Clothing,2,25,50
643,2023-01-14,CUST643,Male,27,Electronics,3,300,900
644,2023-12-18,CUST644,Male,39,Electronics,3,25,75
645,2023-05-17,CUST645,Female,39,Beauty,3,25,75
646,2023-06-20,CUST646,Female,18,Electronics,1,300,300
647,2023-12-19,CUST647,Male,44,Beauty,4,30,120
648,2023-11-06,CUST648,Female,54,Electronics,4,30,120
649,2023-09-14,CUST649,Female,62,Electronics,4,30,120
650,2023-11-03,CUST650,Male,33,Beauty,4,500,2000
651,2023-03-12,CUST651,Male,59,Clothing,4,30,120
652,2023-11-08,CUST652,Female,59,Beauty,3,30,90
653,2023-11-11,CUST653,Female,64,Electronics,1,30,30
654,2023-07-03,CUST654,Male,35,Electronics,2,30,60
655,2023-12-20,CUST655,Female,57,Clothing,1,30,30
656,2023-10-30,CUST656,Male,44,Electronics,1,25,25
657,2023-07-30,CUST657,Female,20,Beauty,4,25,100
658,2023-12-19,CUST658,Male,30,Beauty,4,50,200
659,2023-03-01,CUST659,Female,49,Clothing,3,500,1500
660,2023-11-27,CUST660,Male,25,Beauty,3,25,75
661,2023-02-25,CUST661,Male,38,Clothing,1,30,30
662,2023-10-19,CUST662,Female,54,Beauty,1,500,500
663,2023-12-28,CUST663,Male,25,Clothing,4,500,2000
664,2023-10-03,CUST664,Male,41,Clothing,2,300,600
665,2023-02-10,CUST665,Male,28,Electronics,3,30,90
666,2023-03-24,CUST666,Female,43,Beauty,2,50,100
667,2023-09-08,CUST667,Female,29,Electronics,1,30,30
668,2023-02-07,CUST668,Female,63,Clothing,4,25,100
669,2023-06-03,CUST669,Male,21,Beauty,4,30,120
670,2023-06-02,CUST670,Male,63,Clothing,3,50,150
671,2023-10-01,CUST671,Male,55,Clothing,2,30,60
672,2023-08-02,CUST672,Female,58,Beauty,3,50,150
673,2023-10-12,CUST673,Female,58,Clothing,4,30,120
674,2023-09-02,CUST674,Female,26,Beauty,3,30,90
675,2023-02-13,CUST675,Female,61,Clothing,2,300,600
676,2023-01-20,CUST676,Male,45,Clothing,2,500,1000
677,2023-02-25,CUST677,Female,63,Clothing,3,30,90
678,2023-05-27,CUST678,Male,59,Electronics,2,50,100
679,2023-12-11,CUST679,Male,45,Beauty,3,30,90
680,2023-03-17,CUST680,Male,35,Electronics,1,25,25
681,2023-08-28,CUST681,Male,23,Electronics,1,300,300
682,2023-11-04,CUST682,Male,22,Electronics,4,25,100
683,2023-10-05,CUST683,Male,36,Electronics,2,50,100
684,2023-01-03,CUST684,Male,56,Beauty,2,50,100
685,2023-10-22,CUST685,Female,41,Clothing,3,25,75
686,2023-01-14,CUST686,Male,40,Beauty,2,25,50
687,2023-06-14,CUST687,Male,29,Electronics,4,30,120
688,2023-08-26,CUST688,Female,44,Clothing,1,500,500
689,2023-04-03,CUST689,Female,47,Beauty,4,50,200
690,2023-04-21,CUST690,Female,64,Electronics,1,30,30
691,2023-09-29,CUST691,Male,52,Beauty,2,25,50
692,2023-07-28,CUST692,Female,46,Clothing,3,50,150
693,2023-08-15,CUST693,Male,60,Electronics,4,25,100
694,2023-09-24,CUST694,Male,37,Beauty,1,50,50
695,2023-11-21,CUST695,Female,61,Clothing,3,300,900
696,2023-04-06,CUST696,Female,35,Electronics,1,50,50
697,2023-08-11,CUST697,Female,24,Beauty,1,30,30
698,2023-04-19,CUST698,Female,37,Clothing,4,25,100
699,2023-05-31,CUST699,Female,24,Beauty,3,25,75
700,2023-02-24,CUST700,Male,23,Clothing,2,50,100
701,2023-10-15,CUST701,Male,59,Beauty,3,500,1500
702,2023-08-22,CUST702,Male,55,Electronics,2,30,60
703,2023-11-20,CUST703,Male,28,Electronics,2,50,100
704,2023-07-20,CUST704,Female,57,Beauty,2,300,600
705,2023-11-19,CUST705,Male,21,Beauty,2,25,50
706,2023-06-27,CUST706,Female,31,Clothing,4,25,100
707,2023-02-23,CUST707,Female,51,Electronics,2,30,60
708,2023-02-23,CUST708,Female,32,Clothing,2,300,600
709,2023-09-20,CUST709,Male,52,Beauty,3,50,150
710,2023-12-06,CUST710,Male,59,Beauty,4,300,1200
711,2023-09-27,CUST711,Female,21,Electronics,2,500,1000
712,2023-08-29,CUST712,Female,19,Clothing,4,300,1200
713,2023-05-07,CUST713,Female,62,Electronics,2,500,1000
714,2023-06-18,CUST714,Female,42,Clothing,3,300,900
715,2023-04-29,CUST715,Female,41,Electronics,4,500,2000
716,2023-03-09,CUST716,Male,39,Beauty,2,300,600
717,2023-02-14,CUST717,Female,38,Beauty,1,300,300
718,2023-11-07,CUST718,Male,50,Electronics,3,300,900
719,2023-08-10,CUST719,Female,45,Electronics,1,500,500
720,2023-02-22,CUST720,Female,25,Beauty,2,50,100
721,2023-12-16,CUST721,Female,47,Clothing,4,50,200
722,2023-03-13,CUST722,Male,49,Clothing,2,50,100
723,2023-08-10,CUST723,Male,23,Clothing,3,500,1500
724,2023-04-12,CUST724,Female,35,Beauty,3,50,150
725,2023-04-17,CUST725,Male,55,Electronics,1,300,300
726,2023-05-26,CUST726,Male,47,Beauty,2,300,600
727,2023-02-14,CUST727,Male,24,Electronics,3,500,1500
728,2023-03-08,CUST728,Male,19,Beauty,1,30,30
729,2023-03-15,CUST729,Male,45,Beauty,2,300,600
730,2023-06-09,CUST730,Female,39,Clothing,2,300,600
731,2023-03-31,CUST731,Male,63,Beauty,4,500,2000
732,2023-06-01,CUST732,Male,42,Clothing,1,500,500
733,2023-12-06,CUST733,Male,61,Beauty,4,50,200
734,2023-10-06,CUST734,Male,28,Electronics,2,50,100
735,2023-11-27,CUST735,Male,39,Electronics,3,25,75
736,2023-11-01,CUST736,Female,24,Electronics,3,500,1500
737,2023-11-20,CUST737,Male,44,Beauty,2,30,60
738,2023-02-17,CUST738,Male,26,Beauty,4,300,1200
739,2023-08-21,CUST739,Male,41,Clothing,1,300,300
740,2023-05-27,CUST740,Male,34,Clothing,1,50,50
741,2023-10-13,CUST741,Male,26,Beauty,4,30,120
742,2023-10-08,CUST742,Male,22,Beauty,3,25,75
743,2023-09-25,CUST743,Female,42,Clothing,4,500,2000
744,2023-11-29,CUST744,Male,62,Beauty,2,50,100
745,2023-03-21,CUST745,Male,27,Clothing,1,25,25
746,2023-08-22,CUST746,Male,37,Beauty,1,300,300
747,2023-11-30,CUST747,Male,28,Beauty,2,30,60
748,2023-10-02,CUST748,Male,56,Clothing,1,500,500
749,2023-10-21,CUST749,Female,37,Clothing,4,30,120
750,2023-12-01,CUST750,Female,63,Clothing,1,30,30
751,2023-08-16,CUST751,Male,29,Clothing,4,25,100
752,2023-11-15,CUST752,Male,21,Electronics,1,50,50
753,2023-10-04,CUST753,Male,45,Clothing,1,50,50
754,2023-05-21,CUST754,Male,48,Clothing,2,300,600
755,2023-12-21,CUST755,Female,64,Electronics,1,50,50
756,2023-07-05,CUST756,Male,58,Clothing,2,30,60
757,2023-04-08,CUST757,Male,59,Electronics,2,30,60
758,2023-10-26,CUST758,Female,47,Electronics,3,30,90
759,2023-06-10,CUST759,Male,34,Beauty,3,500,1500
760,2023-06-30,CUST760,Male,38,Clothing,1,25,25
761,2023-02-10,CUST761,Female,24,Electronics,1,500,500
762,2023-09-09,CUST762,Male,38,Electronics,1,30,30
763,2023-03-26,CUST763,Male,35,Clothing,1,25,25
764,2023-11-13,CUST764,Male,19,Beauty,1,30,30
765,2023-08-10,CUST765,Female,27,Clothing,2,25,50
766,2023-09-02,CUST766,Male,43,Beauty,3,300,900
767,2023-05-16,CUST767,Male,35,Electronics,2,50,100
768,2023-12-24,CUST768,Male,64,Clothing,2,30,60
769,2023-11-03,CUST769,Male,40,Electronics,2,300,600
770,2023-03-26,CUST770,Female,63,Electronics,3,50,150
771,2023-10-14,CUST771,Male,49,Clothing,2,500,1000
772,2023-09-04,CUST772,Female,19,Clothing,1,500,500
773,2023-04-26,CUST773,Female,27,Electronics,2,300,600
774,2023-08-25,CUST774,Female,51,Electronics,1,300,300
775,2023-05-30,CUST775,Male,43,Electronics,2,300,600
776,2023-11-24,CUST776,Female,32,Beauty,4,50,200
777,2023-09-16,CUST777,Female,42,Clothing,2,300,600
778,2023-05-11,CUST778,Male,60,Beauty,1,25,25
779,2023-04-05,CUST779,Female,36,Electronics,3,300,900
780,2023-09-29,CUST780,Female,20,Clothing,1,500,500
781,2023-08-17,CUST781,Male,32,Clothing,1,25,25
782,2023-08-19,CUST782,Female,61,Beauty,1,300,300
783,2023-04-13,CUST783,Male,53,Beauty,4,500,2000
784,2023-05-18,CUST784,Female,57,Electronics,4,30,120
785,2023-05-20,CUST785,Female,60,Beauty,3,50,150
786,2023-03-23,CUST786,Male,23,Beauty,3,500,1500
787,2023-12-14,CUST787,Female,31,Electronics,3,500,1500
788,2023-10-24,CUST788,Male,20,Electronics,3,25,75
789,2023-06-21,CUST789,Female,18,Beauty,3,30,90
790,2023-05-07,CUST790,Female,57,Beauty,4,300,1200
791,2023-07-04,CUST791,Male,62,Electronics,3,30,90
792,2023-08-21,CUST792,Male,25,Electronics,1,30,30
793,2023-12-26,CUST793,Male,51,Clothing,2,25,50
794,2023-12-05,CUST794,Male,43,Beauty,4,25,100
795,2023-11-26,CUST795,Male,21,Beauty,2,50,100
796,2023-08-14,CUST796,Male,61,Beauty,1,300,300
797,2023-11-08,CUST797,Male,58,Electronics,4,50,200
798,2023-10-20,CUST798,Male,44,Beauty,3,300,900
799,2023-08-24,CUST799,Female,51,Beauty,3,50,150
800,2023-11-05,CUST800,Female,36,Electronics,2,30,60
801,2023-07-22,CUST801,Female,55,Electronics,1,25,25
802,2023-12-15,CUST802,Male,38,Electronics,2,30,60
803,2023-07-30,CUST803,Female,64,Clothing,2,30,60
804,2023-10-17,CUST804,Female,20,Clothing,4,25,100
805,2023-01-31,CUST805,Male,26,Clothing,2,25,50
806,2023-03-30,CUST806,Male,63,Beauty,1,25,25
807,2023-09-12,CUST807,Female,31,Clothing,2,300,600
808,2023-02-27,CUST808,Male,32,Clothing,4,50,200
809,2023-07-10,CUST809,Male,55,Clothing,2,500,1000
810,2023-01-13,CUST810,Female,26,Electronics,2,300,600
811,2023-07-16,CUST811,Male,42,Electronics,3,50,150
812,2023-03-03,CUST812,Male,31,Beauty,3,25,75
813,2023-08-27,CUST813,Female,27,Clothing,2,50,100
814,2023-11-21,CUST814,Female,63,Beauty,4,25,100
815,2023-11-09,CUST815,Male,27,Clothing,3,50,150
816,2023-11-05,CUST816,Female,22,Beauty,1,30,30
817,2023-12-10,CUST817,Female,49,Beauty,2,50,100
818,2023-09-25,CUST818,Female,58,Electronics,4,30,120
819,2023-02-04,CUST819,Female,23,Clothing,2,300,600
820,2023-07-25,CUST820,Male,51,Electronics,3,300,900
821,2023-03-29,CUST821,Male,43,Beauty,3,300,900
822,2023-09-28,CUST822,Female,57,Beauty,3,50,150
823,2023-07-29,CUST823,Male,23,Clothing,4,50,200
824,2023-09-09,CUST824,Female,63,Beauty,1,25,25
825,2023-06-17,CUST825,Female,47,Beauty,3,300,900
826,2023-07-21,CUST826,Male,57,Electronics,3,50,150
827,2023-11-20,CUST827,Female,35,Beauty,1,30,30
828,2023-03-17,CUST828,Male,62,Beauty,3,30,90
829,2023-05-23,CUST829,Female,47,Clothing,1,500,500
830,2023-10-17,CUST830,Male,23,Clothing,2,50,100
831,2023-05-25,CUST831,Female,61,Clothing,2,50,100
832,2023-10-07,CUST832,Female,55,Clothing,1,50,50
833,2023-11-05,CUST833,Male,32,Electronics,4,50,200
834,2023-03-21,CUST834,Female,43,Beauty,1,50,50
835,2023-01-02,CUST835,Female,36,Clothing,2,30,60
836,2023-10-07,CUST836,Female,43,Electronics,4,50,200
837,2023-08-22,CUST837,Female,63,Electronics,4,300,1200
838,2023-12-05,CUST838,Female,60,Clothing,1,25,25
839,2023-08-11,CUST839,Male,28,Clothing,2,300,600
840,2023-09-26,CUST840,Female,63,Beauty,3,30,90
841,2023-07-18,CUST841,Male,38,Beauty,4,300,1200
842,2023-09-22,CUST842,Female,51,Beauty,4,50,200
843,2023-09-06,CUST843,Female,53,Electronics,3,300,900
844,2023-02-05,CUST844,Male,40,Beauty,1,50,50
845,2023-10-20,CUST845,Male,39,Electronics,4,500,2000
846,2023-09-22,CUST846,Female,39,Beauty,1,50,50
847,2023-07-28,CUST847,Male,58,Electronics,1,300,300
848,2023-05-28,CUST848,Female,36,Electronics,3,300,900
849,2023-07-02,CUST849,Male,31,Beauty,3,30,90
850,2023-01-18,CUST850,Female,34,Beauty,1,30,30
851,2023-01-12,CUST851,Male,27,Beauty,1,50,50
852,2023-10-11,CUST852,Male,36,Electronics,3,30,90
853,2023-11-02,CUST853,Female,23,Beauty,2,30,60
854,2023-03-14,CUST854,Female,22,Clothing,3,30,90
855,2023-02-18,CUST855,Male,52,Clothing,2,50,100
856,2023-01-10,CUST856,Male,21,Electronics,3,30,90
857,2023-11-17,CUST857,Female,44,Clothing,2,300,600
858,2023-03-25,CUST858,Female,54,Clothing,2,50,100
859,2023-06-28,CUST859,Male,52,Electronics,2,300,600
860,2023-10-09,CUST860,Female,38,Beauty,3,25,75
861,2023-05-18,CUST861,Female,27,Electronics,3,50,150
862,2023-04-15,CUST862,Female,61,Beauty,3,25,75
863,2023-06-02,CUST863,Female,57,Clothing,3,300,900
864,2023-09-03,CUST864,Female,46,Electronics,1,30,30
865,2023-05-23,CUST865,Male,22,Clothing,4,500,2000
866,2023-08-04,CUST866,Female,19,Electronics,3,30,90
867,2023-07-01,CUST867,Female,32,Beauty,3,50,150
868,2023-02-20,CUST868,Female,25,Clothing,4,30,120
869,2023-01-23,CUST869,Male,58,Clothing,4,50,200
870,2023-06-21,CUST870,Male,27,Clothing,3,50,150
871,2023-08-24,CUST871,Female,31,Clothing,4,30,120
872,2023-02-16,CUST872,Male,63,Beauty,2,30,60
873,2023-12-22,CUST873,Female,56,Beauty,3,25,75
874,2023-07-09,CUST874,Male,28,Beauty,2,25,50
875,2023-11-02,CUST875,Female,36,Clothing,3,500,1500
876,2023-12-17,CUST876,Female,42,Beauty,1,50,50
877,2023-01-24,CUST877,Male,49,Electronics,4,25,100
878,2023-10-23,CUST878,Male,62,Clothing,1,500,500
879,2023-01-06,CUST879,Female,58,Beauty,3,25,75
880,2023-02-26,CUST880,Female,63,Electronics,1,50,50
881,2023-01-15,CUST881,Male,19,Electronics,1,300,300
882,2023-06-29,CUST882,Female,29,Beauty,4,500,2000
883,2023-05-19,CUST883,Female,44,Beauty,4,300,1200
884,2023-03-10,CUST884,Male,20,Beauty,1,50,50
885,2023-10-06,CUST885,Male,34,Beauty,1,500,500
886,2023-03-20,CUST886,Male,25,Electronics,4,25,100
887,2023-10-16,CUST887,Male,61,Electronics,4,500,2000
888,2023-01-19,CUST888,Male,20,Beauty,1,300,300
889,2023-11-16,CUST889,Male,24,Electronics,3,500,1500
890,2023-05-03,CUST890,Female,27,Beauty,2,30,60
891,2023-09-30,CUST891,Male,24,Clothing,3,25,75
892,2023-09-19,CUST892,Female,44,Electronics,2,300,600
893,2023-09-21,CUST893,Male,35,Clothing,1,50,50
894,2023-04-18,CUST894,Male,60,Beauty,2,50,100
895,2023-09-13,CUST895,Female,30,Clothing,3,500,1500
896,2023-04-02,CUST896,Female,43,Electronics,4,50,200
897,2023-09-22,CUST897,Male,49,Beauty,1,30,30
898,2023-06-17,CUST898,Male,47,Beauty,4,50,200
899,2023-06-15,CUST899,Male,55,Beauty,3,25,75
900,2023-12-29,CUST900,Female,27,Clothing,4,25,100
901,2023-10-24,CUST901,Male,41,Clothing,4,25,100
902,2023-11-11,CUST902,Male,55,Electronics,1,300,300
903,2023-04-09,CUST903,Male,58,Electronics,1,300,300
904,2023-03-15,CUST904,Male,47,Electronics,4,50,200
905,2023-02-28,CUST905,Female,48,Electronics,1,30,30
906,2023-07-22,CUST906,Female,58,Beauty,1,300,300
907,2023-09-23,CUST907,Male,47,Clothing,2,300,600
908,2023-05-27,CUST908,Male,62,Beauty,4,500,2000
909,2023-09-13,CUST909,Male,23,Beauty,4,50,200
910,2023-06-23,CUST910,Male,34,Electronics,3,300,900
911,2023-10-27,CUST911,Female,23,Electronics,1,50,50
912,2023-10-08,CUST912,Female,22,Electronics,2,50,100
913,2023-02-08,CUST913,Female,40,Clothing,3,500,1500
914,2023-07-25,CUST914,Female,28,Clothing,1,30,30
915,2023-05-22,CUST915,Female,37,Clothing,3,30,90
916,2023-01-01,CUST916,Female,38,Beauty,1,30,30
917,2023-12-08,CUST917,Male,47,Beauty,2,50,100
918,2023-12-24,CUST918,Male,62,Clothing,1,50,50
919,2023-07-24,CUST919,Male,57,Beauty,3,300,900
920,2023-01-30,CUST920,Female,35,Electronics,4,50,200
921,2023-03-16,CUST921,Male,33,Beauty,1,30,30
922,2023-01-13,CUST922,Female,54,Beauty,4,500,2000
923,2023-10-10,CUST923,Female,23,Electronics,3,30,90
924,2023-07-05,CUST924,Female,43,Beauty,4,500,2000
925,2023-06-05,CUST925,Male,37,Electronics,4,30,120
926,2023-06-15,CUST926,Male,26,Electronics,1,50,50
927,2023-05-14,CUST927,Male,46,Beauty,3,50,150
928,2023-02-03,CUST928,Female,33,Electronics,3,300,900
929,2023-05-04,CUST929,Female,26,Clothing,1,25,25
930,2023-11-23,CUST930,Female,48,Electronics,2,500,1000
931,2023-07-25,CUST931,Male,26,Electronics,4,50,200
932,2023-05-06,CUST932,Male,49,Electronics,3,50,150
933,2023-10-10,CUST933,Male,25,Clothing,2,50,100
934,2023-03-29,CUST934,Female,38,Beauty,2,25,50
935,2023-01-05,CUST935,Female,55,Electronics,4,50,200
936,2023-04-25,CUST936,Male,28,Electronics,2,30,60
937,2023-08-07,CUST937,Female,54,Clothing,1,30,30
938,2023-05-22,CUST938,Male,51,Clothing,3,50,150
939,2023-04-10,CUST939,Female,60,Clothing,4,50,200
940,2023-03-02,CUST940,Male,25,Electronics,1,25,25
941,2023-11-03,CUST941,Male,51,Electronics,2,25,50
942,2023-12-28,CUST942,Female,62,Beauty,2,25,50
943,2023-08-24,CUST943,Male,53,Beauty,1,25,25
944,2023-10-26,CUST944,Male,26,Clothing,3,50,150
945,2023-06-26,CUST945,Male,56,Clothing,2,25,50
946,2023-12-24,CUST946,Male,23,Clothing,1,500,500
947,2023-07-03,CUST947,Female,45,Beauty,2,30,60
948,2023-10-30,CUST948,Female,41,Clothing,4,25,100
949,2023-03-30,CUST949,Female,42,Clothing,4,500,2000
950,2023-07-26,CUST950,Male,42,Clothing,3,30,90
951,2023-11-15,CUST951,Female,19,Clothing,2,50,100
952,2023-07-24,CUST952,Male,41,Electronics,4,500,2000
953,2023-09-07,CUST953,Male,62,Clothing,1,500,500
954,2023-03-10,CUST954,Male,38,Electronics,3,300,900
955,2023-10-12,CUST955,Female,31,Clothing,3,25,75
956,2023-09-12,CUST956,Female,64,Clothing,3,50,150
957,2023-06-23,CUST957,Female,22,Clothing,1,500,500
958,2023-09-06,CUST958,Female,40,Beauty,3,500,1500
959,2023-07-05,CUST959,Male,42,Beauty,3,25,75
960,2023-01-22,CUST960,Female,40,Clothing,4,30,120
961,2023-06-22,CUST961,Female,61,Electronics,1,30,30
962,2023-07-24,CUST962,Male,37,Clothing,3,25,75
963,2023-11-08,CUST963,Male,63,Beauty,4,300,1200
964,2023-09-30,CUST964,Male,21,Clothing,2,30,60
965,2023-04-02,CUST965,Female,52,Beauty,3,30,90
966,2023-01-08,CUST966,Male,45,Electronics,1,25,25
967,2023-04-25,CUST967,Female,29,Electronics,3,50,150
968,2023-06-17,CUST968,Male,28,Clothing,3,25,75
969,2023-02-28,CUST969,Female,51,Clothing,1,50,50
970,2023-04-11,CUST970,Male,47,Beauty,1,25,25
971,2023-12-14,CUST971,Male,46,Clothing,3,500,1500
972,2023-03-11,CUST972,Male,20,Electronics,1,25,25
973,2023-05-21,CUST973,Male,46,Electronics,2,50,100
974,2023-10-21,CUST974,Female,64,Clothing,1,25,25
975,2023-05-31,CUST975,Male,18,Clothing,4,25,100
976,2023-06-28,CUST976,Female,40,Beauty,3,30,90
977,2023-05-05,CUST977,Male,41,Beauty,4,25,100
978,2023-10-08,CUST978,Male,60,Beauty,1,25,25
979,2023-04-23,CUST979,Female,31,Clothing,1,50,50
980,2023-08-29,CUST980,Male,40,Electronics,3,300,900
981,2023-02-17,CUST981,Female,51,Clothing,3,25,75
982,2023-08-30,CUST982,Female,20,Beauty,4,50,200
983,2023-11-14,CUST983,Female,55,Beauty,4,50,200
984,2023-02-06,CUST984,Male,56,Beauty,4,30,120
985,2023-05-16,CUST985,Male,51,Electronics,1,30,30
986,2023-02-01,CUST986,Female,48,Clothing,2,25,50
987,2023-06-16,CUST987,Male,53,Electronics,4,30,120
988,2023-05-01,CUST988,Male,54,Electronics,3,50,150
989,2023-03-19,CUST989,Male,60,Beauty,4,500,2000
990,2023-06-19,CUST990,Female,38,Clothing,3,500,1500
991,2023-02-14,CUST991,Female,39,Electronics,1,500,500
992,2023-08-12,CUST992,Female,47,Clothing,2,50,100
993,2023-01-08,CUST993,Female,27,Beauty,4,25,100
994,2023-09-13,CUST994,Male,58,Electronics,3,30,90
995,2023-01-26,CUST995,Female,54,Electronics,1,30,30
996,2023-02-08,CUST996,Male,47,Clothing,1,25,25
997,2023-04-09,CUST997,Female,32,Clothing,4,25,100
998,2023-11-10,CUST998,Male,34,Beauty,4,50,200
999,2023-06-08,CUST999,Female,38,Electronics,4,30,120
1000,2023-02-07,CUST1000,Male,49,Clothing,1,25,25
